,ERHC_FA,ERLC_FA,LRHC_FA,LRLC_FA
0,625.142857142857,799.21875,756.8333333333333,899.3750000000002
