,ERHC_FA,ERLC_FA,LRHC_FA,LRLC_FA
0,651.2857142857141,757.65625,742.4999999999999,854.5833333333335
1,1254.285714285714,1534.53125,1515.166666666666,1694.5833333333337
